label,word_count,readability
AI-generated,24.518737672583825,41.53537621789927
Human-written,25.815415821501013,45.21155665024633
